{
  "project_info": {
    "project_number": "450680932488",
    "firebase_url": "https://bara-database-default-rtdb.asia-southeast1.firebasedatabase.app",
    "project_id": "bara-database",
    "storage_bucket": "bara-database.appspot.com"
  },
  "client": [
    {
      "client_info": {
        "mobilesdk_app_id": "1:450680932488:android:c650e9490169fad69ab73d",
        "android_client_info": {
          "package_name": "com.difa.bara"
        }
      },
      "oauth_client": [],
      "api_key": [
        {
          "current_key": "AIzaSyAcjYF9F5rrScWcOluzXdbQpZSWxX9ySFE"
        }
      ],
      "services": {
        "appinvite_service": {
          "other_platform_oauth_client": []
        }
      }
    }
  ],
  "configuration_version": "1"
}